case_id,family,p,m,alternatives,expected_class,observed_class,structured_status,structured_budget,structured_margin,structured_oracle_calls,structured_rows,explicit_status,explicit_budget,explicit_oracle_calls,full_status,full_budget,classification_agreement,budget_agreement,scale_invariant,structured_time_ns,explicit_time_ns,full_time_ns,domain_fraction_inspected,instance_digest,protocol_sha256
explicit-p2-harmless-s101,explicit,2,1,7,harmless,harmless,STRICTLY_CERTIFIED,0,7/20,1,0,STRICTLY_CERTIFIED,0,1,STRICTLY_CERTIFIED,0,True,True,True,148645,62524,2191764,0.0,sha256:5ebc89f1ed56edd51ec1332207830a2bb56ee5ae7bee072ae5b43c6bcf30a892,d7e0a1351722e8bc41a9ac64617b455bad30125c016ed52916c95804ba065aaa
explicit-p2-harmless-s102,explicit,2,1,7,harmless,harmless,STRICTLY_CERTIFIED,0,13/24,1,0,STRICTLY_CERTIFIED,0,1,STRICTLY_CERTIFIED,0,True,True,True,73621,55063,1195295,0.0,sha256:905e526267087e066631730d35f2504a64eef20b538accb0081bcd126db63aa8,d7e0a1351722e8bc41a9ac64617b455bad30125c016ed52916c95804ba065aaa
explicit-p2-harmless-s103,explicit,2,1,7,harmless,harmless,STRICTLY_CERTIFIED,0,9/14,1,0,STRICTLY_CERTIFIED,0,1,STRICTLY_CERTIFIED,0,True,True,True,75624,64798,1233552,0.0,sha256:a02da7d6fe1f1eeccf90646db849ee404fb2a47f545f71f7debceb86a909477a,d7e0a1351722e8bc41a9ac64617b455bad30125c016ed52916c95804ba065aaa
explicit-p2-harmless-s104,explicit,2,1,7,harmless,harmless,STRICTLY_CERTIFIED,0,1/2,1,0,STRICTLY_CERTIFIED,0,1,STRICTLY_CERTIFIED,0,True,True,True,73120,55474,1242196,0.0,sha256:36c14a2b5274ee7e4482ee73f8af2ca9d5ee69f869e4c98cbf09f124cb33d99e,d7e0a1351722e8bc41a9ac64617b455bad30125c016ed52916c95804ba065aaa
explicit-p2-harmless-s105,explicit,2,1,7,harmless,harmless,STRICTLY_CERTIFIED,0,31/70,1,0,STRICTLY_CERTIFIED,0,1,STRICTLY_CERTIFIED,0,True,True,True,69385,56305,1256557,0.0,sha256:d0743750796fb9e1af453437192cdf94d4437f01d66eba8d88277094bfeba60e,d7e0a1351722e8bc41a9ac64617b455bad30125c016ed52916c95804ba065aaa
explicit-p2-repairable-s101,explicit,2,1,7,repairable,repairable,CERTIFIED_MINIMUM_BUDGET,1/2,0,3,2,CERTIFIED_MINIMUM_BUDGET,1/2,3,CERTIFIED_MINIMUM_BUDGET,1/2,True,True,True,2425883,2437460,1263537,0.3333333333333333,sha256:87a86d080f9e7c7a21ae94017ecd2f514361e743f328a239d605ae8914e317d3,d7e0a1351722e8bc41a9ac64617b455bad30125c016ed52916c95804ba065aaa
explicit-p2-repairable-s102,explicit,2,1,7,repairable,repairable,CERTIFIED_MINIMUM_BUDGET,3/13,0,3,2,CERTIFIED_MINIMUM_BUDGET,3/13,3,CERTIFIED_MINIMUM_BUDGET,3/13,True,True,True,2773237,2574206,1408066,0.3333333333333333,sha256:8403ae64ed67ad2dfb8890be98f63b429eff74d076d467a10f486318a53d1a24,d7e0a1351722e8bc41a9ac64617b455bad30125c016ed52916c95804ba065aaa
explicit-p2-repairable-s103,explicit,2,1,7,repairable,repairable,CERTIFIED_MINIMUM_BUDGET,2/13,0,3,2,CERTIFIED_MINIMUM_BUDGET,2/13,3,CERTIFIED_MINIMUM_BUDGET,2/13,True,True,True,2573736,2613726,1357940,0.3333333333333333,sha256:36d280f316669853f63641ee75844be65f0e4ede6ec850b878de8573a9537c6d,d7e0a1351722e8bc41a9ac64617b455bad30125c016ed52916c95804ba065aaa
explicit-p2-repairable-s104,explicit,2,1,7,repairable,repairable,CERTIFIED_MINIMUM_BUDGET,2/7,0,3,2,CERTIFIED_MINIMUM_BUDGET,2/7,3,CERTIFIED_MINIMUM_BUDGET,2/7,True,True,True,2508427,2443309,1361405,0.3333333333333333,sha256:82ab34c7da082f2df84efe81606cb3189a391393a5f4657c0327085e5a25cccb,d7e0a1351722e8bc41a9ac64617b455bad30125c016ed52916c95804ba065aaa
explicit-p2-repairable-s105,explicit,2,1,7,repairable,repairable,CERTIFIED_MINIMUM_BUDGET,2/5,0,3,2,CERTIFIED_MINIMUM_BUDGET,2/5,3,CERTIFIED_MINIMUM_BUDGET,2/5,True,True,True,2480165,2453704,1431982,0.3333333333333333,sha256:57338b7619dc1c168209b7ec5df64ca49d922b0ff526299e3d903f3d49b35ac6,d7e0a1351722e8bc41a9ac64617b455bad30125c016ed52916c95804ba065aaa
explicit-p2-irreparable-s101,explicit,2,1,7,irreparable,irreparable,IRREPARABLE_DOMAIN,,,2,2,IRREPARABLE_DOMAIN,,2,IRREPARABLE_DOMAIN,,True,True,True,3190607,3169995,2570370,0.3333333333333333,sha256:ba8be018e3ae299c01171aab940dd44b4bc9322a72bc31272c083f63cd7a7c5a,d7e0a1351722e8bc41a9ac64617b455bad30125c016ed52916c95804ba065aaa
explicit-p2-irreparable-s102,explicit,2,1,7,irreparable,irreparable,IRREPARABLE_DOMAIN,,,2,2,IRREPARABLE_DOMAIN,,2,IRREPARABLE_DOMAIN,,True,True,True,3233962,3120531,2650411,0.3333333333333333,sha256:949a0e5199a1945fc834cfcde20667d1d06b0e6819afbba3757ed7007a8fd521,d7e0a1351722e8bc41a9ac64617b455bad30125c016ed52916c95804ba065aaa
explicit-p2-irreparable-s103,explicit,2,1,7,irreparable,irreparable,IRREPARABLE_DOMAIN,,,2,2,IRREPARABLE_DOMAIN,,2,IRREPARABLE_DOMAIN,,True,True,True,3848209,3339221,2658454,0.3333333333333333,sha256:a22d064f331e1dcd6790f52022b560399c562cfc40e6e73ab35ba265445de958,d7e0a1351722e8bc41a9ac64617b455bad30125c016ed52916c95804ba065aaa
explicit-p2-irreparable-s104,explicit,2,1,7,irreparable,irreparable,IRREPARABLE_DOMAIN,,,2,2,IRREPARABLE_DOMAIN,,2,IRREPARABLE_DOMAIN,,True,True,True,3161162,3192840,2732205,0.3333333333333333,sha256:9c825fd1d102eaf824f130e2823eb25036f7b5f4d67d2d31df2f5fa5e642e313,d7e0a1351722e8bc41a9ac64617b455bad30125c016ed52916c95804ba065aaa
explicit-p2-irreparable-s105,explicit,2,1,7,irreparable,irreparable,IRREPARABLE_DOMAIN,,,2,2,IRREPARABLE_DOMAIN,,2,IRREPARABLE_DOMAIN,,True,True,True,3655448,3548077,2962823,0.3333333333333333,sha256:9c1379d2d6e1ec45574b9d528789764e9b4bfc9808ae59f8f7db41920f768d5f,d7e0a1351722e8bc41a9ac64617b455bad30125c016ed52916c95804ba065aaa
explicit-p3-harmless-s101,explicit,3,1,8,harmless,harmless,STRICTLY_CERTIFIED,0,17/42,1,0,STRICTLY_CERTIFIED,0,1,STRICTLY_CERTIFIED,0,True,True,True,89746,93722,1538693,0.0,sha256:5b569d387de59d6696e0b83b109cf082dfbd1aed49581d2773dd7333eaec95df,d7e0a1351722e8bc41a9ac64617b455bad30125c016ed52916c95804ba065aaa
explicit-p3-harmless-s102,explicit,3,1,8,harmless,harmless,STRICTLY_CERTIFIED,0,164/315,1,0,STRICTLY_CERTIFIED,0,1,STRICTLY_CERTIFIED,0,True,True,True,104378,73311,1359132,0.0,sha256:0c385d5dba9720314db282207518a1bb7a96e8f2570b10d26a1e63bda6f89e4e,d7e0a1351722e8bc41a9ac64617b455bad30125c016ed52916c95804ba065aaa
explicit-p3-harmless-s103,explicit,3,1,8,harmless,harmless,STRICTLY_CERTIFIED,0,3/7,1,0,STRICTLY_CERTIFIED,0,1,STRICTLY_CERTIFIED,0,True,True,True,106240,84036,1508076,0.0,sha256:07c01b355d8f5048e5df889dc1dc0b5c54cf3b16d6691c5fc30b3ef39f974d85,d7e0a1351722e8bc41a9ac64617b455bad30125c016ed52916c95804ba065aaa
explicit-p3-harmless-s104,explicit,3,1,8,harmless,harmless,STRICTLY_CERTIFIED,0,8/21,1,0,STRICTLY_CERTIFIED,0,1,STRICTLY_CERTIFIED,0,True,True,True,88954,71669,1369738,0.0,sha256:5b1fbfb7e32243259044824d9b499b2f2f0af157c4cdbc4b8480fac5e0cc5ab8,d7e0a1351722e8bc41a9ac64617b455bad30125c016ed52916c95804ba065aaa
explicit-p3-harmless-s105,explicit,3,1,8,harmless,harmless,STRICTLY_CERTIFIED,0,7/18,1,0,STRICTLY_CERTIFIED,0,1,STRICTLY_CERTIFIED,0,True,True,True,95054,73310,1426263,0.0,sha256:07917a2fbf2983961701cb5f6978f1fd9b8535fdc410a611c592ad9d10084629,d7e0a1351722e8bc41a9ac64617b455bad30125c016ed52916c95804ba065aaa
explicit-p3-repairable-s101,explicit,3,1,8,repairable,repairable,CERTIFIED_MINIMUM_BUDGET,1/5,0,4,3,CERTIFIED_MINIMUM_BUDGET,1/5,4,CERTIFIED_MINIMUM_BUDGET,1/5,True,True,True,4253952,4172769,1526334,0.42857142857142855,sha256:343f628dfae01cfa2cc4c3baaa48b734fa8992a6b39b5b730dd7ced3db569d03,d7e0a1351722e8bc41a9ac64617b455bad30125c016ed52916c95804ba065aaa
explicit-p3-repairable-s102,explicit,3,1,8,repairable,repairable,CERTIFIED_MINIMUM_BUDGET,4/13,0,4,3,CERTIFIED_MINIMUM_BUDGET,4/13,4,CERTIFIED_MINIMUM_BUDGET,4/13,True,True,True,4061923,3860118,1470761,0.42857142857142855,sha256:55aa7084267872176c674551629bc39395eadad8dae5e827e12eb69ff8af4b5c,d7e0a1351722e8bc41a9ac64617b455bad30125c016ed52916c95804ba065aaa
explicit-p3-repairable-s103,explicit,3,1,8,repairable,repairable,CERTIFIED_MINIMUM_BUDGET,1/7,0,4,3,CERTIFIED_MINIMUM_BUDGET,1/7,4,CERTIFIED_MINIMUM_BUDGET,1/7,True,True,True,3958546,3927309,1493775,0.42857142857142855,sha256:2123ef68f13398f0a6d8cd83952dd0a013b5326c8a4fde5dc060d0ad199e708e,d7e0a1351722e8bc41a9ac64617b455bad30125c016ed52916c95804ba065aaa
explicit-p3-repairable-s104,explicit,3,1,8,repairable,repairable,CERTIFIED_MINIMUM_BUDGET,4/19,0,4,3,CERTIFIED_MINIMUM_BUDGET,4/19,4,CERTIFIED_MINIMUM_BUDGET,4/19,True,True,True,4185829,4015512,1484381,0.42857142857142855,sha256:a7538b7be836abf3dd9f255bae47d7220b3f0b114320f017891e7362a1586bc6,d7e0a1351722e8bc41a9ac64617b455bad30125c016ed52916c95804ba065aaa
explicit-p3-repairable-s105,explicit,3,1,8,repairable,repairable,CERTIFIED_MINIMUM_BUDGET,1/7,0,4,3,CERTIFIED_MINIMUM_BUDGET,1/7,4,CERTIFIED_MINIMUM_BUDGET,1/7,True,True,True,4153401,4152589,1504211,0.42857142857142855,sha256:f278f0f693073188fd42c39db5e048f5e9a58829a4fe859931ef28b4bd3b4fdc,d7e0a1351722e8bc41a9ac64617b455bad30125c016ed52916c95804ba065aaa
explicit-p3-irreparable-s101,explicit,3,1,8,irreparable,irreparable,IRREPARABLE_DOMAIN,,,3,3,IRREPARABLE_DOMAIN,,3,IRREPARABLE_DOMAIN,,True,True,True,5107821,5052458,3584271,0.42857142857142855,sha256:b7b22c9e4a36cad854df40da15a54ccc796625c9ccb84c752790df51cf999b2c,d7e0a1351722e8bc41a9ac64617b455bad30125c016ed52916c95804ba065aaa
explicit-p3-irreparable-s102,explicit,3,1,8,irreparable,irreparable,IRREPARABLE_DOMAIN,,,3,3,IRREPARABLE_DOMAIN,,3,IRREPARABLE_DOMAIN,,True,True,True,5136815,5092438,3516739,0.42857142857142855,sha256:9eb5f0c40cefc1edb8a85e339760c8cafdbfca436b341cab805ed412f63250ea,d7e0a1351722e8bc41a9ac64617b455bad30125c016ed52916c95804ba065aaa
explicit-p3-irreparable-s103,explicit,3,1,8,irreparable,irreparable,IRREPARABLE_DOMAIN,,,3,3,IRREPARABLE_DOMAIN,,3,IRREPARABLE_DOMAIN,,True,True,True,5018947,6165258,3618443,0.42857142857142855,sha256:51a3a9b958c6b3edc572fdbc501a52bcb53182e19fcd8fb83300203ef933b8fa,d7e0a1351722e8bc41a9ac64617b455bad30125c016ed52916c95804ba065aaa
explicit-p3-irreparable-s104,explicit,3,1,8,irreparable,irreparable,IRREPARABLE_DOMAIN,,,3,3,IRREPARABLE_DOMAIN,,3,IRREPARABLE_DOMAIN,,True,True,True,5367023,5223116,3723562,0.42857142857142855,sha256:4990efdf1d3c0e7e8d4330cdc355d5cc832529cf7d872a352af481ece7a035f2,d7e0a1351722e8bc41a9ac64617b455bad30125c016ed52916c95804ba065aaa
explicit-p3-irreparable-s105,explicit,3,1,8,irreparable,irreparable,IRREPARABLE_DOMAIN,,,3,3,IRREPARABLE_DOMAIN,,3,IRREPARABLE_DOMAIN,,True,True,True,5261223,5136785,3491822,0.42857142857142855,sha256:12c7bf49f79d39a6759bb254cca1ae5ac02bb77c80dc97114003cb260345ffd0,d7e0a1351722e8bc41a9ac64617b455bad30125c016ed52916c95804ba065aaa
explicit-p4-harmless-s101,explicit,4,1,9,harmless,harmless,STRICTLY_CERTIFIED,0,15/28,1,0,STRICTLY_CERTIFIED,0,1,STRICTLY_CERTIFIED,0,True,True,True,118308,91449,1789992,0.0,sha256:efe800c78b65358e35a1ac8447c50d4cf606660739caa616a0323c0397c54b3b,d7e0a1351722e8bc41a9ac64617b455bad30125c016ed52916c95804ba065aaa
explicit-p4-harmless-s102,explicit,4,1,9,harmless,harmless,STRICTLY_CERTIFIED,0,29/60,1,0,STRICTLY_CERTIFIED,0,1,STRICTLY_CERTIFIED,0,True,True,True,111188,90437,1736822,0.0,sha256:af571da4723e78f623925ef857170b67d6ed4212b5e22b24e22df10960d52629,d7e0a1351722e8bc41a9ac64617b455bad30125c016ed52916c95804ba065aaa
explicit-p4-harmless-s103,explicit,4,1,9,harmless,harmless,STRICTLY_CERTIFIED,0,13/28,1,0,STRICTLY_CERTIFIED,0,1,STRICTLY_CERTIFIED,0,True,True,True,118078,89805,1703542,0.0,sha256:4e73a78d508303ee4d77f4d382967cb457e396868c5f34193d83bd516006c05c,d7e0a1351722e8bc41a9ac64617b455bad30125c016ed52916c95804ba065aaa
explicit-p4-harmless-s104,explicit,4,1,9,harmless,harmless,STRICTLY_CERTIFIED,0,71/168,1,0,STRICTLY_CERTIFIED,0,1,STRICTLY_CERTIFIED,0,True,True,True,105890,99330,1715610,0.0,sha256:813bb7a96b2c49b96179d09f5c32617e901d2582b142bc688ff863672a666f4e,d7e0a1351722e8bc41a9ac64617b455bad30125c016ed52916c95804ba065aaa
explicit-p4-harmless-s105,explicit,4,1,9,harmless,harmless,STRICTLY_CERTIFIED,0,17/42,1,0,STRICTLY_CERTIFIED,0,1,STRICTLY_CERTIFIED,0,True,True,True,107943,93171,1718404,0.0,sha256:ad2d272a77c616299745644ecb4314bcf968d81a54e9035dd1214c87f8e3269c,d7e0a1351722e8bc41a9ac64617b455bad30125c016ed52916c95804ba065aaa
explicit-p4-repairable-s101,explicit,4,1,9,repairable,repairable,CERTIFIED_MINIMUM_BUDGET,4/19,0,5,4,CERTIFIED_MINIMUM_BUDGET,4/19,5,CERTIFIED_MINIMUM_BUDGET,4/19,True,True,True,6089002,5890503,1828100,0.5,sha256:689a07baf189a7077163ba5e1fd6c1c7168067965430afa31cdd249769fe2724,d7e0a1351722e8bc41a9ac64617b455bad30125c016ed52916c95804ba065aaa
explicit-p4-repairable-s102,explicit,4,1,9,repairable,repairable,CERTIFIED_MINIMUM_BUDGET,3/25,0,5,4,CERTIFIED_MINIMUM_BUDGET,3/25,5,CERTIFIED_MINIMUM_BUDGET,3/25,True,True,True,6285009,6015271,2015924,0.5,sha256:d8b02694f0f7a28588dd010359865958a42c34ef8e87267524884023602ca52e,d7e0a1351722e8bc41a9ac64617b455bad30125c016ed52916c95804ba065aaa
explicit-p4-repairable-s103,explicit,4,1,9,repairable,repairable,CERTIFIED_MINIMUM_BUDGET,1/9,0,5,4,CERTIFIED_MINIMUM_BUDGET,1/9,5,CERTIFIED_MINIMUM_BUDGET,1/9,True,True,True,6576148,5989032,1879728,0.5,sha256:f0c2a5071f432608debbf32c4bf1a142dac877687a28ac6514eab706a16f358b,d7e0a1351722e8bc41a9ac64617b455bad30125c016ed52916c95804ba065aaa
explicit-p4-repairable-s104,explicit,4,1,9,repairable,repairable,CERTIFIED_MINIMUM_BUDGET,1/13,0,5,4,CERTIFIED_MINIMUM_BUDGET,1/13,5,CERTIFIED_MINIMUM_BUDGET,1/13,True,True,True,5924584,5882862,1807799,0.5,sha256:d5c3f80037505409de8a1bb060f06b914ada73e5eb856a8decb248bde13c69a0,d7e0a1351722e8bc41a9ac64617b455bad30125c016ed52916c95804ba065aaa
explicit-p4-repairable-s105,explicit,4,1,9,repairable,repairable,CERTIFIED_MINIMUM_BUDGET,1/6,0,5,4,CERTIFIED_MINIMUM_BUDGET,1/6,5,CERTIFIED_MINIMUM_BUDGET,1/6,True,True,True,6475506,5973097,1948952,0.5,sha256:57a9c4d58cf64191c3eefd5870c9404f856a0df5755677fe4a67881d5d9c949a,d7e0a1351722e8bc41a9ac64617b455bad30125c016ed52916c95804ba065aaa
explicit-p4-irreparable-s101,explicit,4,1,9,irreparable,irreparable,IRREPARABLE_DOMAIN,,,4,4,IRREPARABLE_DOMAIN,,4,IRREPARABLE_DOMAIN,,True,True,True,7482807,8248207,6523899,0.5,sha256:c1ed624df98af188db799a0e1cede502876525c9a331d01cb772799ecc4e6c61,d7e0a1351722e8bc41a9ac64617b455bad30125c016ed52916c95804ba065aaa
explicit-p4-irreparable-s102,explicit,4,1,9,irreparable,irreparable,IRREPARABLE_DOMAIN,,,4,4,IRREPARABLE_DOMAIN,,4,IRREPARABLE_DOMAIN,,True,True,True,7319790,7452381,5466443,0.5,sha256:adc7b9725288e0389bd4469570354dc3cd07611e463362c04e0ebaa66a5a0602,d7e0a1351722e8bc41a9ac64617b455bad30125c016ed52916c95804ba065aaa
explicit-p4-irreparable-s103,explicit,4,1,9,irreparable,irreparable,IRREPARABLE_DOMAIN,,,4,4,IRREPARABLE_DOMAIN,,4,IRREPARABLE_DOMAIN,,True,True,True,8722889,7771923,6555647,0.5,sha256:1620a443abfe36f5a51746aef5cba147ef31f6d8a327aa44496f175ad7bc9f98,d7e0a1351722e8bc41a9ac64617b455bad30125c016ed52916c95804ba065aaa
explicit-p4-irreparable-s104,explicit,4,1,9,irreparable,irreparable,IRREPARABLE_DOMAIN,,,4,4,IRREPARABLE_DOMAIN,,4,IRREPARABLE_DOMAIN,,True,True,True,7264297,7322324,5176996,0.5,sha256:6f176e4b716b7b6df79c2018731d2bc7fb53bd947765adffd22efce9a1d0cb80,d7e0a1351722e8bc41a9ac64617b455bad30125c016ed52916c95804ba065aaa
explicit-p4-irreparable-s105,explicit,4,1,9,irreparable,irreparable,IRREPARABLE_DOMAIN,,,4,4,IRREPARABLE_DOMAIN,,4,IRREPARABLE_DOMAIN,,True,True,True,8494305,12908412,5400433,0.5,sha256:92785fc4bd1005eebb144fdfb676211e93b31e128b87ecb52b1adc8c712f0438,d7e0a1351722e8bc41a9ac64617b455bad30125c016ed52916c95804ba065aaa
explicit-p5-harmless-s101,explicit,5,1,10,harmless,harmless,STRICTLY_CERTIFIED,0,227/525,1,0,STRICTLY_CERTIFIED,0,1,STRICTLY_CERTIFIED,0,True,True,True,134824,113291,2866728,0.0,sha256:5a96ffc7dccb771f3007002e617059346ea1ac72d57091906f4b7477d27e86a2,d7e0a1351722e8bc41a9ac64617b455bad30125c016ed52916c95804ba065aaa
explicit-p5-harmless-s102,explicit,5,1,10,harmless,harmless,STRICTLY_CERTIFIED,0,73/210,1,0,STRICTLY_CERTIFIED,0,1,STRICTLY_CERTIFIED,0,True,True,True,126190,110407,3052368,0.0,sha256:901f68d6a9209e2aea6b556d445c901894606ad13a4c3040a0649198320c12d7,d7e0a1351722e8bc41a9ac64617b455bad30125c016ed52916c95804ba065aaa
explicit-p5-harmless-s103,explicit,5,1,10,harmless,harmless,STRICTLY_CERTIFIED,0,139/350,1,0,STRICTLY_CERTIFIED,0,1,STRICTLY_CERTIFIED,0,True,True,True,127883,110016,2813067,0.0,sha256:e9e7d9dc95d95921768f0fedc6a0da41ca997f72f242978b6eb04f1edb11a254,d7e0a1351722e8bc41a9ac64617b455bad30125c016ed52916c95804ba065aaa
explicit-p5-harmless-s104,explicit,5,1,10,harmless,harmless,STRICTLY_CERTIFIED,0,44/105,1,0,STRICTLY_CERTIFIED,0,1,STRICTLY_CERTIFIED,0,True,True,True,121303,110106,2814259,0.0,sha256:b1eb442381c4181731133ad01e3bd8ea2f063e9a3d099fe461102709572b9776,d7e0a1351722e8bc41a9ac64617b455bad30125c016ed52916c95804ba065aaa
explicit-p5-harmless-s105,explicit,5,1,10,harmless,harmless,STRICTLY_CERTIFIED,0,23/60,1,0,STRICTLY_CERTIFIED,0,1,STRICTLY_CERTIFIED,0,True,True,True,127883,110077,2887199,0.0,sha256:9001bef5a41ec9eff167a10fe9647e84fa4c15b42d14601be3d279e277a05eb5,d7e0a1351722e8bc41a9ac64617b455bad30125c016ed52916c95804ba065aaa
explicit-p5-repairable-s101,explicit,5,1,10,repairable,repairable,CERTIFIED_MINIMUM_BUDGET,2/27,0,6,5,CERTIFIED_MINIMUM_BUDGET,2/27,6,CERTIFIED_MINIMUM_BUDGET,2/27,True,True,True,10162477,9619373,3257809,0.5555555555555556,sha256:4cf622cf3b54e6150b176e7379ecfaf57465fb60973b586af3d7718c79340c50,d7e0a1351722e8bc41a9ac64617b455bad30125c016ed52916c95804ba065aaa
explicit-p5-repairable-s102,explicit,5,1,10,repairable,repairable,CERTIFIED_MINIMUM_BUDGET,1/16,0,6,5,CERTIFIED_MINIMUM_BUDGET,1/16,6,CERTIFIED_MINIMUM_BUDGET,1/16,True,True,True,8423997,8449036,3061833,0.5555555555555556,sha256:c0f4cb02b4b757376232958216dc9abd38eca1a521c686b359bfbf6eb68f5ab6,d7e0a1351722e8bc41a9ac64617b455bad30125c016ed52916c95804ba065aaa
explicit-p5-repairable-s103,explicit,5,1,10,repairable,repairable,CERTIFIED_MINIMUM_BUDGET,4/31,0,6,5,CERTIFIED_MINIMUM_BUDGET,4/31,6,CERTIFIED_MINIMUM_BUDGET,4/31,True,True,True,8475085,8581976,3136104,0.5555555555555556,sha256:8fe7cad1af0a11f0ff519a5ef1780f7c738bf1eaf160dc583d2f515203f86c3e,d7e0a1351722e8bc41a9ac64617b455bad30125c016ed52916c95804ba065aaa
explicit-p5-repairable-s104,explicit,5,1,10,repairable,repairable,CERTIFIED_MINIMUM_BUDGET,4/29,0,6,5,CERTIFIED_MINIMUM_BUDGET,4/29,6,CERTIFIED_MINIMUM_BUDGET,4/29,True,True,True,8659353,8548335,3024165,0.5555555555555556,sha256:7618af674bb00fde4dd491ae1e7422303b8b7e6503cba2a33f0573d40c58fe36,d7e0a1351722e8bc41a9ac64617b455bad30125c016ed52916c95804ba065aaa
explicit-p5-repairable-s105,explicit,5,1,10,repairable,repairable,CERTIFIED_MINIMUM_BUDGET,4/31,0,6,5,CERTIFIED_MINIMUM_BUDGET,4/31,6,CERTIFIED_MINIMUM_BUDGET,4/31,True,True,True,8965876,8362184,3213061,0.5555555555555556,sha256:a18b5f1c48eb6148b45cfa0d79e9ccf9eb62aec7713f48450a15c68a00a61fa7,d7e0a1351722e8bc41a9ac64617b455bad30125c016ed52916c95804ba065aaa
explicit-p5-irreparable-s101,explicit,5,1,10,irreparable,irreparable,IRREPARABLE_DOMAIN,,,5,5,IRREPARABLE_DOMAIN,,5,IRREPARABLE_DOMAIN,,True,True,True,12724294,12784416,16567822,0.5555555555555556,sha256:f39a12e7d7b91fe3149b08978bd93bc0362fd9821bf980149246bb6570880a4e,d7e0a1351722e8bc41a9ac64617b455bad30125c016ed52916c95804ba065aaa
explicit-p5-irreparable-s102,explicit,5,1,10,irreparable,irreparable,IRREPARABLE_DOMAIN,,,5,5,IRREPARABLE_DOMAIN,,5,IRREPARABLE_DOMAIN,,True,True,True,10187319,10065275,17433875,0.5555555555555556,sha256:03c3e320c1db99f922853946c0a2a46a1e87e792de01f34b7b7093e642fa6f1a,d7e0a1351722e8bc41a9ac64617b455bad30125c016ed52916c95804ba065aaa
explicit-p5-irreparable-s103,explicit,5,1,10,irreparable,irreparable,IRREPARABLE_DOMAIN,,,5,5,IRREPARABLE_DOMAIN,,5,IRREPARABLE_DOMAIN,,True,True,True,10512310,10106238,15441977,0.5555555555555556,sha256:ad2e746a2dc0ff88b70792dd155f616520283319e8d910e0929e66f73b84a0e7,d7e0a1351722e8bc41a9ac64617b455bad30125c016ed52916c95804ba065aaa
explicit-p5-irreparable-s104,explicit,5,1,10,irreparable,irreparable,IRREPARABLE_DOMAIN,,,5,5,IRREPARABLE_DOMAIN,,5,IRREPARABLE_DOMAIN,,True,True,True,10333680,9937312,13959539,0.5555555555555556,sha256:e0adebe442fca93e738d51f21434f6352cfb75c8caae2f4dbc2f08302ab27bf0,d7e0a1351722e8bc41a9ac64617b455bad30125c016ed52916c95804ba065aaa
explicit-p5-irreparable-s105,explicit,5,1,10,irreparable,irreparable,IRREPARABLE_DOMAIN,,,5,5,IRREPARABLE_DOMAIN,,5,IRREPARABLE_DOMAIN,,True,True,True,11032055,11490527,12624574,0.5555555555555556,sha256:7e0358bf914ec950acd04adf943f786919a44d73705e2d17fa5653b4c902c3f9,d7e0a1351722e8bc41a9ac64617b455bad30125c016ed52916c95804ba065aaa
assignment-n6-p2-s9,assignment,2,1,720,harmless,harmless,STRICTLY_CERTIFIED,0,3/266,2,1,STRICTLY_CERTIFIED,0,2,CERTIFIED_MINIMUM_BUDGET,0,True,True,True,2060000,31959288,28172601,0.0013908205841446453,sha256:1170b0bb3f9b60e4c04b550b7f534736b8c430d1a81edf8ab0746cdf6d81babb,d7e0a1351722e8bc41a9ac64617b455bad30125c016ed52916c95804ba065aaa
assignment-n6-p2-s12,assignment,2,1,720,repairable,repairable,CERTIFIED_MINIMUM_BUDGET,1449/25184,0,5,4,CERTIFIED_MINIMUM_BUDGET,1449/25184,5,CERTIFIED_MINIMUM_BUDGET,1449/25184,True,True,True,7138456,53111398,21418464,0.005563282336578581,sha256:9434d63ab85230e8c96683d54b29acf5e0def364f201878ba1ed6ffa4856035a,d7e0a1351722e8bc41a9ac64617b455bad30125c016ed52916c95804ba065aaa
assignment-n6-p2-s11,assignment,2,1,720,irreparable,irreparable,IRREPARABLE_DOMAIN,,,4,4,IRREPARABLE_DOMAIN,,4,INFEASIBLE_FULL_MASTER_NUMERIC,,True,True,True,7268122,64470247,76451922,0.005563282336578581,sha256:b292155c0e6e1e12843af8fbf48e991fe42e739fd47a2410efdfdd0cfe4921a9,d7e0a1351722e8bc41a9ac64617b455bad30125c016ed52916c95804ba065aaa
assignment-n6-p3-s1,assignment,3,1,720,harmless,harmless,STRICTLY_CERTIFIED,0,14/275,2,1,STRICTLY_CERTIFIED,0,2,STRICTLY_CERTIFIED,0,True,True,True,3189684,31809579,28111282,0.0013908205841446453,sha256:6ed553782a546c81a643d6d57ae9624fef3bffd43f0f2dccc35d76601217e1eb,d7e0a1351722e8bc41a9ac64617b455bad30125c016ed52916c95804ba065aaa
assignment-n6-p3-s5,assignment,3,1,720,repairable,repairable,CERTIFIED_MINIMUM_BUDGET,65985/393382,0,5,4,CERTIFIED_MINIMUM_BUDGET,65985/393382,5,CERTIFIED_MINIMUM_BUDGET,65985/393382,True,True,True,10059506,101507469,35133277,0.005563282336578581,sha256:c426cc8426165291b0fbdcf93c8fbc882ba740491883a054f050a87ec6ab476b,d7e0a1351722e8bc41a9ac64617b455bad30125c016ed52916c95804ba065aaa
assignment-n6-p3-s7,assignment,3,1,720,irreparable,irreparable,IRREPARABLE_DOMAIN,,,4,4,IRREPARABLE_DOMAIN,,4,INFEASIBLE_FULL_MASTER_NUMERIC,,True,True,True,8631540,61396918,13431501,0.005563282336578581,sha256:53d796013e5be86483ef5bfe1d3f5ef0d18c30caaa1da442c3b32381623d9fec,d7e0a1351722e8bc41a9ac64617b455bad30125c016ed52916c95804ba065aaa
assignment-n6-p4-s9,assignment,4,1,720,harmless,harmless,STRICTLY_CERTIFIED,0,3/244,2,1,STRICTLY_CERTIFIED,0,2,STRICTLY_CERTIFIED,0,True,True,True,3279170,30652553,28601005,0.0013908205841446453,sha256:fca17e934f66864cac3b5f53267fc983561f70e7c516dd77fa685d565b2c7583,d7e0a1351722e8bc41a9ac64617b455bad30125c016ed52916c95804ba065aaa
assignment-n6-p4-s13,assignment,4,1,720,repairable,repairable,CERTIFIED_MINIMUM_BUDGET,47993205/2484506071,0,10,9,CERTIFIED_MINIMUM_BUDGET,47993205/2484506071,10,CERTIFIED_MINIMUM_BUDGET,47993205/2484506071,True,True,True,23216493,131247557,27898260,0.012517385257301807,sha256:bce8c1aa00bca572b1b122353fc66151119b89fa56db2370967d41ca83534b33,d7e0a1351722e8bc41a9ac64617b455bad30125c016ed52916c95804ba065aaa
assignment-n6-p4-s12,assignment,4,1,720,irreparable,irreparable,IRREPARABLE_DOMAIN,,,7,7,IRREPARABLE_DOMAIN,,7,INFEASIBLE_FULL_MASTER_NUMERIC,,True,True,True,20729818,122501847,14789937,0.009735744089012517,sha256:d10edceb618296e3dab386b9b9d5f1ceb492d02903e697ad567b755787770c18,d7e0a1351722e8bc41a9ac64617b455bad30125c016ed52916c95804ba065aaa
assignment-n6-p5-s2,assignment,5,1,720,harmless,harmless,CERTIFIED_MINIMUM_BUDGET,0,0,4,3,CERTIFIED_MINIMUM_BUDGET,0,4,CERTIFIED_MINIMUM_BUDGET,0,True,True,True,7138335,65015086,37100617,0.004172461752433936,sha256:7daa2b7a3be407b4964db93592b867212b84325e25399cab712413bc8c9d54b8,d7e0a1351722e8bc41a9ac64617b455bad30125c016ed52916c95804ba065aaa
assignment-n6-p5-s1,assignment,5,1,720,repairable,repairable,CERTIFIED_MINIMUM_BUDGET,58792471/604736381,0,9,8,CERTIFIED_MINIMUM_BUDGET,58792471/604736381,9,CERTIFIED_MINIMUM_BUDGET,58792471/604736381,True,True,True,28400573,121657936,34905483,0.011126564673157162,sha256:1ffac7b8e3e8337363b4ef7e1ac52423a9512525c17e1f9506f01637850e9ed0,d7e0a1351722e8bc41a9ac64617b455bad30125c016ed52916c95804ba065aaa
assignment-n6-p5-s17,assignment,5,1,720,irreparable,irreparable,IRREPARABLE_DOMAIN,,,6,6,IRREPARABLE_DOMAIN,,6,INFEASIBLE_FULL_MASTER_NUMERIC,,True,True,True,20961989,75593465,11043411,0.008344923504867872,sha256:154222985651171b27b7dd50eb8d177882276c5095a1f07e346183d4484fec8a,d7e0a1351722e8bc41a9ac64617b455bad30125c016ed52916c95804ba065aaa
path-w3-l5-p2-s3,layered_shortest_path,2,1,243,harmless,harmless,STRICTLY_CERTIFIED,0,2/179,2,1,STRICTLY_CERTIFIED,0,2,CERTIFIED_MINIMUM_BUDGET,0,True,True,True,3098462,6599642,6919115,0.004132231404958678,sha256:87ceede5a6931078eedcf0362f3e1cc7119071558b7bb3c4e19121885f82b1d6,d7e0a1351722e8bc41a9ac64617b455bad30125c016ed52916c95804ba065aaa
path-w3-l5-p2-s2,layered_shortest_path,2,1,243,repairable,repairable,CERTIFIED_MINIMUM_BUDGET,7077/44866,0,4,3,CERTIFIED_MINIMUM_BUDGET,7077/44866,4,CERTIFIED_MINIMUM_BUDGET,7077/44866,True,True,True,5199318,12794976,6483913,0.012396694214876033,sha256:db86b617dfb25e923ca3e31444bb9f278b9f8823bc90ea5958f57be873829a99,d7e0a1351722e8bc41a9ac64617b455bad30125c016ed52916c95804ba065aaa
path-w3-l5-p2-s1,layered_shortest_path,2,1,243,irreparable,irreparable,IRREPARABLE_DOMAIN,,,4,4,IRREPARABLE_DOMAIN,,4,INFEASIBLE_FULL_MASTER_NUMERIC,,True,True,True,7272429,14869697,2531752,0.01652892561983471,sha256:315a3ca4bae5ec6e3de11daf662a83d05c426c33888eed887b7b53270e1580dd,d7e0a1351722e8bc41a9ac64617b455bad30125c016ed52916c95804ba065aaa
path-w3-l5-p3-s11,layered_shortest_path,3,1,243,harmless,harmless,CERTIFIED_MINIMUM_BUDGET,0,0,3,2,CERTIFIED_MINIMUM_BUDGET,0,3,CERTIFIED_MINIMUM_BUDGET,0,True,True,True,3682850,10353059,6869440,0.008264462809917356,sha256:d0ef583401a5adf4654c36f65013ee686909738292f7c91b9803f4beab78cb86,d7e0a1351722e8bc41a9ac64617b455bad30125c016ed52916c95804ba065aaa
path-w3-l5-p3-s9,layered_shortest_path,3,1,243,repairable,repairable,CERTIFIED_MINIMUM_BUDGET,117/30110,0,6,5,CERTIFIED_MINIMUM_BUDGET,117/30110,6,CERTIFIED_MINIMUM_BUDGET,117/30110,True,True,True,8767335,22423310,7196875,0.02066115702479339,sha256:45a00821f538d7ce61389f9514073e2ea46ed1b2e8a8ded11a03d07a319c8aa8,d7e0a1351722e8bc41a9ac64617b455bad30125c016ed52916c95804ba065aaa
path-w3-l5-p3-s10,layered_shortest_path,3,1,243,irreparable,irreparable,IRREPARABLE_DOMAIN,,,4,4,IRREPARABLE_DOMAIN,,4,INFEASIBLE_FULL_MASTER_NUMERIC,,True,True,True,8028159,19384522,3502287,0.01652892561983471,sha256:5648d0c6b131a345294880983811d79dc8833f000e30263d913c835d3f1341b7,d7e0a1351722e8bc41a9ac64617b455bad30125c016ed52916c95804ba065aaa
path-w3-l5-p4-s1,layered_shortest_path,4,1,243,harmless,harmless,STRICTLY_CERTIFIED,0,18899/2012800,1,0,STRICTLY_CERTIFIED,0,1,CERTIFIED_MINIMUM_BUDGET,0,True,True,True,598944,3143145,8871822,0.0,sha256:45e909c9dfd8c8afd54f46a00454fc202dea6fae046da516f95489079ba9b849,d7e0a1351722e8bc41a9ac64617b455bad30125c016ed52916c95804ba065aaa
path-w3-l5-p4-s5,layered_shortest_path,4,1,243,repairable,repairable,CERTIFIED_MINIMUM_BUDGET,15580/255441,0,6,5,CERTIFIED_MINIMUM_BUDGET,15580/255441,6,CERTIFIED_MINIMUM_BUDGET,15580/255441,True,True,True,11110417,26911275,9097454,0.02066115702479339,sha256:5a61c235af7eed35300e8ad9c702ed69c6ffaa59c3a4223207d9ba5864e88c3f,d7e0a1351722e8bc41a9ac64617b455bad30125c016ed52916c95804ba065aaa
path-w3-l5-p4-s3,layered_shortest_path,4,1,243,irreparable,irreparable,IRREPARABLE_DOMAIN,,,5,5,IRREPARABLE_DOMAIN,,5,INFEASIBLE_FULL_MASTER_NUMERIC,,True,True,True,11103278,23270386,3393274,0.02066115702479339,sha256:c0f10242b090f6b800c762b19e83fd055fed62af63686390c07bb3cdce8b80f1,d7e0a1351722e8bc41a9ac64617b455bad30125c016ed52916c95804ba065aaa
path-w3-l5-p5-s3,layered_shortest_path,5,1,243,harmless,harmless,CERTIFIED_MINIMUM_BUDGET,0,0,5,4,CERTIFIED_MINIMUM_BUDGET,0,5,CERTIFIED_MINIMUM_BUDGET,0,True,True,True,10954743,23266500,12626042,0.01652892561983471,sha256:3a8754086075c42255dfc3963b245626d5f45391af912dcf8bf5e6d2f4918ee5,d7e0a1351722e8bc41a9ac64617b455bad30125c016ed52916c95804ba065aaa
path-w3-l5-p5-s5,layered_shortest_path,5,1,243,repairable,repairable,CERTIFIED_MINIMUM_BUDGET,1411683/22054237,0,15,14,CERTIFIED_MINIMUM_BUDGET,1411683/22054237,15,CERTIFIED_MINIMUM_BUDGET,1411683/22054237,True,True,True,53236140,109649177,13991247,0.05785123966942149,sha256:c413923a2a1eb7833caaf7d1ccc64a2c8034fc274171541e5e3e21cb5d7fc50d,d7e0a1351722e8bc41a9ac64617b455bad30125c016ed52916c95804ba065aaa
path-w3-l5-p5-s1,layered_shortest_path,5,1,243,irreparable,irreparable,IRREPARABLE_DOMAIN,,,6,6,IRREPARABLE_DOMAIN,,6,INFEASIBLE_FULL_MASTER_NUMERIC,,True,True,True,16838265,32502651,3746806,0.024793388429752067,sha256:a753c99123f375844b399184371b1b8760fa2010afb380e7360ce10a858f16a1,d7e0a1351722e8bc41a9ac64617b455bad30125c016ed52916c95804ba065aaa
